{
    "train_loss": 0.7903071641921997,
    "train_accuracy": 0.71875,
    "val_loss": 0.6418748497962952,
    "val_accuracy": 0.7671371102333069
}