{
    "train_loss": 0.7815648026353731,
    "train_accuracy": 72.17412812268118,
    "val_loss": 0.9300829283893108,
    "val_accuracy": 67.06231454005935
}