{
    "train_loss": 0.5704573392868042,
    "train_accuracy": 0.78125,
    "val_loss": 0.5974659323692322,
    "val_accuracy": 0.7752016186714172
}