{
    "train_loss": 1.063828223802912,
    "train_accuracy": 59.4607964382884,
    "val_loss": 1.1855051144957542,
    "val_accuracy": 55.78635014836795
}